poi_type,key,inc_quart,time,atusmd_ratio,inc_quart_label
Food & Coffee,0,Q1,0:00,0.097953961,Q1 (Low)
Food & Coffee,1,Q1,1:00,0.188509226,Q1 (Low)
Food & Coffee,2,Q1,2:00,0.260098256,Q1 (Low)
Food & Coffee,3,Q1,3:00,0.095735083,Q1 (Low)
Food & Coffee,4,Q1,4:00,0,Q1 (Low)
Food & Coffee,5,Q1,5:00,0,Q1 (Low)
Food & Coffee,6,Q1,6:00,0.11841804,Q1 (Low)
Food & Coffee,7,Q1,7:00,0.166745838,Q1 (Low)
Food & Coffee,8,Q1,8:00,0.230885094,Q1 (Low)
Food & Coffee,9,Q1,9:00,0.311203965,Q1 (Low)
Food & Coffee,10,Q1,10:00,0.383553866,Q1 (Low)
Food & Coffee,11,Q1,11:00,0.358038515,Q1 (Low)
Food & Coffee,12,Q1,12:00,0.608003454,Q1 (Low)
Food & Coffee,13,Q1,13:00,0.54300875,Q1 (Low)
Food & Coffee,14,Q1,14:00,0.558005525,Q1 (Low)
Food & Coffee,15,Q1,15:00,0.465784125,Q1 (Low)
Food & Coffee,16,Q1,16:00,0.552371323,Q1 (Low)
Food & Coffee,17,Q1,17:00,0.568470392,Q1 (Low)
Food & Coffee,18,Q1,18:00,0.828538734,Q1 (Low)
Food & Coffee,19,Q1,19:00,0.850892984,Q1 (Low)
Food & Coffee,20,Q1,20:00,0.699396115,Q1 (Low)
Food & Coffee,21,Q1,21:00,0.326670883,Q1 (Low)
Food & Coffee,22,Q1,22:00,0.283695995,Q1 (Low)
Food & Coffee,23,Q1,23:00,0.330508854,Q1 (Low)
Food & Coffee,0,Q2,0:00,0.005326653,Q2
Food & Coffee,1,Q2,1:00,0,Q2
Food & Coffee,2,Q2,2:00,0,Q2
Food & Coffee,3,Q2,3:00,0,Q2
Food & Coffee,4,Q2,4:00,0.245269986,Q2
Food & Coffee,5,Q2,5:00,0.053473307,Q2
Food & Coffee,6,Q2,6:00,0.329604048,Q2
Food & Coffee,7,Q2,7:00,0.403573597,Q2
Food & Coffee,8,Q2,8:00,0.301898337,Q2
Food & Coffee,9,Q2,9:00,0.378557685,Q2
Food & Coffee,10,Q2,10:00,0.67972757,Q2
Food & Coffee,11,Q2,11:00,0.85551271,Q2
Food & Coffee,12,Q2,12:00,0.553173514,Q2
Food & Coffee,13,Q2,13:00,0.53480296,Q2
Food & Coffee,14,Q2,14:00,0.701622591,Q2
Food & Coffee,15,Q2,15:00,0.478819315,Q2
Food & Coffee,16,Q2,16:00,0.553546736,Q2
Food & Coffee,17,Q2,17:00,0.64739095,Q2
Food & Coffee,18,Q2,18:00,0.924861943,Q2
Food & Coffee,19,Q2,19:00,1.055640645,Q2
Food & Coffee,20,Q2,20:00,0.616540284,Q2
Food & Coffee,21,Q2,21:00,0.247022395,Q2
Food & Coffee,22,Q2,22:00,0.21210355,Q2
Food & Coffee,23,Q2,23:00,0.098268519,Q2
Food & Coffee,0,Q3,0:00,0.203440772,Q3
Food & Coffee,1,Q3,1:00,0.369872329,Q3
Food & Coffee,2,Q3,2:00,0.513610128,Q3
Food & Coffee,3,Q3,3:00,0.314297712,Q3
Food & Coffee,4,Q3,4:00,0,Q3
Food & Coffee,5,Q3,5:00,0,Q3
Food & Coffee,6,Q3,6:00,0.411895605,Q3
Food & Coffee,7,Q3,7:00,0.595030472,Q3
Food & Coffee,8,Q3,8:00,0.179582062,Q3
Food & Coffee,9,Q3,9:00,0.448593236,Q3
Food & Coffee,10,Q3,10:00,0.328059212,Q3
Food & Coffee,11,Q3,11:00,0.460593974,Q3
Food & Coffee,12,Q3,12:00,0.863001731,Q3
Food & Coffee,13,Q3,13:00,1.078172997,Q3
Food & Coffee,14,Q3,14:00,0.7701894,Q3
Food & Coffee,15,Q3,15:00,0.496039577,Q3
Food & Coffee,16,Q3,16:00,0.421412142,Q3
Food & Coffee,17,Q3,17:00,0.453214361,Q3
Food & Coffee,18,Q3,18:00,1.293091826,Q3
Food & Coffee,19,Q3,19:00,0.882442022,Q3
Food & Coffee,20,Q3,20:00,0.661192012,Q3
Food & Coffee,21,Q3,21:00,0.511302603,Q3
Food & Coffee,22,Q3,22:00,0.199612257,Q3
Food & Coffee,23,Q3,23:00,0.162969888,Q3
Food & Coffee,0,Q4,0:00,0.374528516,Q4 (High)
Food & Coffee,1,Q4,1:00,0.340536084,Q4 (High)
Food & Coffee,2,Q4,2:00,0,Q4 (High)
Food & Coffee,3,Q4,3:00,0,Q4 (High)
Food & Coffee,4,Q4,4:00,0,Q4 (High)
Food & Coffee,5,Q4,5:00,0.145622138,Q4 (High)
Food & Coffee,6,Q4,6:00,0.163514875,Q4 (High)
Food & Coffee,7,Q4,7:00,0.227624859,Q4 (High)
Food & Coffee,8,Q4,8:00,0.162786133,Q4 (High)
Food & Coffee,9,Q4,9:00,0.65313412,Q4 (High)
Food & Coffee,10,Q4,10:00,0.436707967,Q4 (High)
Food & Coffee,11,Q4,11:00,0.742443918,Q4 (High)
Food & Coffee,12,Q4,12:00,1.246425134,Q4 (High)
Food & Coffee,13,Q4,13:00,1.107433837,Q4 (High)
Food & Coffee,14,Q4,14:00,0.514706041,Q4 (High)
Food & Coffee,15,Q4,15:00,0.345830333,Q4 (High)
Food & Coffee,16,Q4,16:00,0.602377131,Q4 (High)
Food & Coffee,17,Q4,17:00,0.602501426,Q4 (High)
Food & Coffee,18,Q4,18:00,0.90868642,Q4 (High)
Food & Coffee,19,Q4,19:00,1.230680148,Q4 (High)
Food & Coffee,20,Q4,20:00,1.024511893,Q4 (High)
Food & Coffee,21,Q4,21:00,0.546674029,Q4 (High)
Food & Coffee,22,Q4,22:00,0.515537204,Q4 (High)
Food & Coffee,23,Q4,23:00,0.280818227,Q4 (High)
Grocery,0,Q1,0:00,0,Q1 (Low)
Grocery,1,Q1,1:00,0,Q1 (Low)
Grocery,2,Q1,2:00,0,Q1 (Low)
Grocery,3,Q1,3:00,0,Q1 (Low)
Grocery,4,Q1,4:00,0,Q1 (Low)
Grocery,5,Q1,5:00,0.042171693,Q1 (Low)
Grocery,6,Q1,6:00,1.40231876,Q1 (Low)
Grocery,7,Q1,7:00,1.369080772,Q1 (Low)
Grocery,8,Q1,8:00,2.045378978,Q1 (Low)
Grocery,9,Q1,9:00,1.875015598,Q1 (Low)
Grocery,10,Q1,10:00,3.342199061,Q1 (Low)
Grocery,11,Q1,11:00,3.623323587,Q1 (Low)
Grocery,12,Q1,12:00,2.695633608,Q1 (Low)
Grocery,13,Q1,13:00,4.158988994,Q1 (Low)
Grocery,14,Q1,14:00,3.15557847,Q1 (Low)
Grocery,15,Q1,15:00,2.69513031,Q1 (Low)
Grocery,16,Q1,16:00,2.763935449,Q1 (Low)
Grocery,17,Q1,17:00,2.052606205,Q1 (Low)
Grocery,18,Q1,18:00,1.267636731,Q1 (Low)
Grocery,19,Q1,19:00,0.507149661,Q1 (Low)
Grocery,20,Q1,20:00,0.743277332,Q1 (Low)
Grocery,21,Q1,21:00,0.33203703,Q1 (Low)
Grocery,22,Q1,22:00,0.069333016,Q1 (Low)
Grocery,23,Q1,23:00,0,Q1 (Low)
Grocery,0,Q2,0:00,0,Q2
Grocery,1,Q2,1:00,0,Q2
Grocery,2,Q2,2:00,0,Q2
Grocery,3,Q2,3:00,0,Q2
Grocery,4,Q2,4:00,0,Q2
Grocery,5,Q2,5:00,0,Q2
Grocery,6,Q2,6:00,0,Q2
Grocery,7,Q2,7:00,1.843984202,Q2
Grocery,8,Q2,8:00,2.152585992,Q2
Grocery,9,Q2,9:00,4.826530052,Q2
Grocery,10,Q2,10:00,3.546243522,Q2
Grocery,11,Q2,11:00,1.811635294,Q2
Grocery,12,Q2,12:00,3.641007534,Q2
Grocery,13,Q2,13:00,3.111697054,Q2
Grocery,14,Q2,14:00,2.182959195,Q2
Grocery,15,Q2,15:00,1.825263067,Q2
Grocery,16,Q2,16:00,3.393583619,Q2
Grocery,17,Q2,17:00,2.367996505,Q2
Grocery,18,Q2,18:00,3.839836242,Q2
Grocery,19,Q2,19:00,2.875907809,Q2
Grocery,20,Q2,20:00,4.560710103,Q2
Grocery,21,Q2,21:00,0.8739111,Q2
Grocery,22,Q2,22:00,0.691451408,Q2
Grocery,23,Q2,23:00,0,Q2
Grocery,0,Q3,0:00,0,Q3
Grocery,1,Q3,1:00,0,Q3
Grocery,2,Q3,2:00,0,Q3
Grocery,3,Q3,3:00,0,Q3
Grocery,4,Q3,4:00,0,Q3
Grocery,5,Q3,5:00,0,Q3
Grocery,6,Q3,6:00,0,Q3
Grocery,7,Q3,7:00,0.769861049,Q3
Grocery,8,Q3,8:00,1.403376336,Q3
Grocery,9,Q3,9:00,1.834221545,Q3
Grocery,10,Q3,10:00,3.659874127,Q3
Grocery,11,Q3,11:00,3.719564185,Q3
Grocery,12,Q3,12:00,1.745365182,Q3
Grocery,13,Q3,13:00,3.141943574,Q3
Grocery,14,Q3,14:00,1.223559035,Q3
Grocery,15,Q3,15:00,2.012642211,Q3
Grocery,16,Q3,16:00,0.641857787,Q3
Grocery,17,Q3,17:00,1.916753307,Q3
Grocery,18,Q3,18:00,1.172123875,Q3
Grocery,19,Q3,19:00,0.992761688,Q3
Grocery,20,Q3,20:00,1.455117773,Q3
Grocery,21,Q3,21:00,0.072439811,Q3
Grocery,22,Q3,22:00,0,Q3
Grocery,23,Q3,23:00,0.235704256,Q3
Grocery,0,Q4,0:00,0,Q4 (High)
Grocery,1,Q4,1:00,0,Q4 (High)
Grocery,2,Q4,2:00,0,Q4 (High)
Grocery,3,Q4,3:00,0,Q4 (High)
Grocery,4,Q4,4:00,0,Q4 (High)
Grocery,5,Q4,5:00,0.342051738,Q4 (High)
Grocery,6,Q4,6:00,0.216039766,Q4 (High)
Grocery,7,Q4,7:00,0.297318166,Q4 (High)
Grocery,8,Q4,8:00,1.366797039,Q4 (High)
Grocery,9,Q4,9:00,2.50269892,Q4 (High)
Grocery,10,Q4,10:00,3.751947044,Q4 (High)
Grocery,11,Q4,11:00,4.028318212,Q4 (High)
Grocery,12,Q4,12:00,4.432681128,Q4 (High)
Grocery,13,Q4,13:00,2.549691254,Q4 (High)
Grocery,14,Q4,14:00,1.93803188,Q4 (High)
Grocery,15,Q4,15:00,2.708832945,Q4 (High)
Grocery,16,Q4,16:00,2.686076696,Q4 (High)
Grocery,17,Q4,17:00,1.786512203,Q4 (High)
Grocery,18,Q4,18:00,1.962102706,Q4 (High)
Grocery,19,Q4,19:00,0.67619948,Q4 (High)
Grocery,20,Q4,20:00,0.458609745,Q4 (High)
Grocery,21,Q4,21:00,0.359335974,Q4 (High)
Grocery,22,Q4,22:00,0,Q4 (High)
Grocery,23,Q4,23:00,0,Q4 (High)
Gym,0,Q1,0:00,0,Q1 (Low)
Gym,1,Q1,1:00,0,Q1 (Low)
Gym,2,Q1,2:00,0,Q1 (Low)
Gym,3,Q1,3:00,0,Q1 (Low)
Gym,4,Q1,4:00,4.463458615,Q1 (Low)
Gym,5,Q1,5:00,2.939641984,Q1 (Low)
Gym,6,Q1,6:00,0.366463218,Q1 (Low)
Gym,7,Q1,7:00,0.823961122,Q1 (Low)
Gym,8,Q1,8:00,2.658545737,Q1 (Low)
Gym,9,Q1,9:00,1.240178717,Q1 (Low)
Gym,10,Q1,10:00,0.831661639,Q1 (Low)
Gym,11,Q1,11:00,1.02557119,Q1 (Low)
Gym,12,Q1,12:00,0.481324772,Q1 (Low)
Gym,13,Q1,13:00,0.948202817,Q1 (Low)
Gym,14,Q1,14:00,0,Q1 (Low)
Gym,15,Q1,15:00,0.49874412,Q1 (Low)
Gym,16,Q1,16:00,0.76980167,Q1 (Low)
Gym,17,Q1,17:00,2.317636476,Q1 (Low)
Gym,18,Q1,18:00,2.765840474,Q1 (Low)
Gym,19,Q1,19:00,2.444376592,Q1 (Low)
Gym,20,Q1,20:00,2.457792665,Q1 (Low)
Gym,21,Q1,21:00,0,Q1 (Low)
Gym,22,Q1,22:00,0,Q1 (Low)
Gym,23,Q1,23:00,2.359083606,Q1 (Low)
Gym,0,Q2,0:00,0,Q2
Gym,1,Q2,1:00,0,Q2
Gym,2,Q2,2:00,0,Q2
Gym,3,Q2,3:00,0,Q2
Gym,4,Q2,4:00,1.912897357,Q2
Gym,5,Q2,5:00,0.902488502,Q2
Gym,6,Q2,6:00,0.32638108,Q2
Gym,7,Q2,7:00,0.316396459,Q2
Gym,8,Q2,8:00,1.634070517,Q2
Gym,9,Q2,9:00,4.263295699,Q2
Gym,10,Q2,10:00,0.783454018,Q2
Gym,11,Q2,11:00,5.384795113,Q2
Gym,12,Q2,12:00,3.342540207,Q2
Gym,13,Q2,13:00,1.00862354,Q2
Gym,14,Q2,14:00,0,Q2
Gym,15,Q2,15:00,0.472092832,Q2
Gym,16,Q2,16:00,3.143679754,Q2
Gym,17,Q2,17:00,3.911925412,Q2
Gym,18,Q2,18:00,2.882514341,Q2
Gym,19,Q2,19:00,1.256775336,Q2
Gym,20,Q2,20:00,0,Q2
Gym,21,Q2,21:00,0,Q2
Gym,22,Q2,22:00,0,Q2
Gym,23,Q2,23:00,0,Q2
Gym,0,Q3,0:00,0,Q3
Gym,1,Q3,1:00,0,Q3
Gym,2,Q3,2:00,0,Q3
Gym,3,Q3,3:00,0,Q3
Gym,4,Q3,4:00,0,Q3
Gym,5,Q3,5:00,0.377753292,Q3
Gym,6,Q3,6:00,1.287489983,Q3
Gym,7,Q3,7:00,1.624741389,Q3
Gym,8,Q3,8:00,3.183445212,Q3
Gym,9,Q3,9:00,1.087440547,Q3
Gym,10,Q3,10:00,0.66040563,Q3
Gym,11,Q3,11:00,1.012969704,Q3
Gym,12,Q3,12:00,0.154281407,Q3
Gym,13,Q3,13:00,0,Q3
Gym,14,Q3,14:00,0.233772458,Q3
Gym,15,Q3,15:00,1.610835631,Q3
Gym,16,Q3,16:00,1.196762913,Q3
Gym,17,Q3,17:00,0.046234152,Q3
Gym,18,Q3,18:00,3.481755182,Q3
Gym,19,Q3,19:00,1.914162924,Q3
Gym,20,Q3,20:00,1.550222452,Q3
Gym,21,Q3,21:00,1.247478897,Q3
Gym,22,Q3,22:00,0,Q3
Gym,23,Q3,23:00,0,Q3
Gym,0,Q4,0:00,0,Q4 (High)
Gym,1,Q4,1:00,0,Q4 (High)
Gym,2,Q4,2:00,0,Q4 (High)
Gym,3,Q4,3:00,0,Q4 (High)
Gym,4,Q4,4:00,0,Q4 (High)
Gym,5,Q4,5:00,0.406152527,Q4 (High)
Gym,6,Q4,6:00,1.110597528,Q4 (High)
Gym,7,Q4,7:00,0.427131752,Q4 (High)
Gym,8,Q4,8:00,1.114916099,Q4 (High)
Gym,9,Q4,9:00,1.421481814,Q4 (High)
Gym,10,Q4,10:00,1.46549801,Q4 (High)
Gym,11,Q4,11:00,1.416929351,Q4 (High)
Gym,12,Q4,12:00,1.548343062,Q4 (High)
Gym,13,Q4,13:00,0.41904529,Q4 (High)
Gym,14,Q4,14:00,0.181534367,Q4 (High)
Gym,15,Q4,15:00,0.078062037,Q4 (High)
Gym,16,Q4,16:00,0.961922952,Q4 (High)
Gym,17,Q4,17:00,1.882549579,Q4 (High)
Gym,18,Q4,18:00,2.366220556,Q4 (High)
Gym,19,Q4,19:00,1.515711342,Q4 (High)
Gym,20,Q4,20:00,1.398637548,Q4 (High)
Gym,21,Q4,21:00,0.321797709,Q4 (High)
Gym,22,Q4,22:00,0,Q4 (High)
Gym,23,Q4,23:00,0,Q4 (High)
